Site ID,Sample ID,Material,Treatment,Weight (mg),N2 Area,δ15N At. Air,%N,CO2 Area,δ13C VPDB,%C
DEER,GDC-S01,POM,Acid fumed,66.693,,,,0.1081,-32.5909,0.2035
EELR,GER-F01,POM,Acid fumed,67.625,,,,0.0968,-31.3798,0.1796
EELR,GER-S01,POM,Acid fumed,59.392,,,,0.0928,-31.9629,0.1961
FISH,GFC-F01,POM,Acid fumed,67.754,,,,0.2308,-29.2549,0.4274
LAUG,GLC-F01,POM,Acid fumed,59.606,,,,0.1804,-28.8104,0.3506
LAUG,GLC-S01,POM,Acid fumed,69.171,,,,0.1444,-33.0642,0.262
MISS,GMR-F01,POM,Acid fumed,68.219,,,,0.2662,-28.1495,0.452
MISS,GMR-S01,POM,Acid fumed,60.992,,,,0.1069,-29.6974,0.2199
MUDC,GMC-S01,POM,Acid fumed,64.338,,,,0.1005,-30.1618,0.196
MUDC,GMC-F01,POM,Acid fumed,70.415,,,,0.1705,-31.8301,0.3038
RICH,GRC-S01,POM,Acid fumed,26.882,,,,0.0704,-30.2731,0.3032
RICH,GRC-F01,POM,Acid fumed,59.221,,,,0.1153,-33.1389,0.2443
SUGA,GSC-F01,POM,Acid fumed,59.147,,,,0.126,-31.0659,0.2468
WHIT,GWR-F01,POM,Acid fumed,58.221,,,,0.1052,-30.5409,0.2094
WHIT,GWR-S01,POM,Acid fumed,54.836,,,,0.1473,-32.6112,0.3111
WILD,GWC-F01,POM,Acid fumed,28.054,,,,0.0015,-33.5954,0.0067
WILD,GWC-S01,POM,Acid fumed,73.74,,,,0.0796,-36.3642,0.1354
DEER,Corn,Riparian Vegetation,none,3.544,0.0153,4.417,2.9786,0.7841,-11.6539,47.2884
EELR,Corn,Riparian Vegetation,none,3.337,0.0138,2.4298,2.8578,0.7165,-12.4552,45.8933
FISH,Corn,Riparian Vegetation,none,3.633,0.018,2.5491,3.3813,0.0278,-11.6123,1.8892
LAUG,Corn,Riparian Vegetation,none,3.758,0.0109,3.1178,2.0059,0.8124,-12.5806,46.2068
MISS,Corn,Riparian Vegetation,none,3.298,0.0111,2.576,2.3073,0.6265,-12.4805,46.9476
MUDC,Corn,Riparian Vegetation,none,3.891,0.0182,4.7232,3.2402,0.8287,-12.7609,45.5187
RICH,Corn,Riparian Vegetation,none,3.748,0.0165,3.0051,3.0018,0.7844,-11.7301,51.7162
SUGA,Corn,Riparian Vegetation,none,3.464,0.0117,2.4299,2.3343,0.0933,-11.9209,5.7566
WHIT,Corn,Riparian Vegetation,none,4.151,0.0185,1.7256,3.0543,0.8617,-12.2674,51.3002
WILD,Corn,Riparian Vegetation,none,3.461,0.0123,7.048,2.4297,0.7082,-11.6077,50.5668
DEER,LDC-F01,Leaf Litter,none,2.736,0.005,4.6765,1.2387,0.4613,-27.6619,41.6671
DEER,LDC-F01,Leaf Litter,none,3.105,0.0058,5.0205,1.2864,0.5309,-29.7317,42.2528
EELR,LER-F01,Leaf Litter,none,3.179,0.005,2.8923,1.0653,0.625,-27.2811,48.5846
EELR,LER-F01,Leaf Litter,none,3.042,0.0045,2.967,1.016,0.5084,-27.5108,41.3022
FISH,LFC-S01,Leaf Litter,none,3.253,0.0059,5.098,1.2447,0.4883,-28.3064,37.093
FISH,LFC-S01,Leaf Litter,none,3.246,0.0055,4.8204,1.1626,0.4321,-28.4421,32.8951
LAUG,LLC-F01,Leaf Litter,none,3.103,0.0034,2.0465,0.7392,0.6408,-27.668,51.0368
LAUG,LLC-F01,Leaf Litter,none,2.872,0.0032,1.7172,0.7542,0.4915,-28.0699,42.2873
MISS,LMR-S01,Leaf Litter,none,2.93,0.008,3.9677,1.8771,0.4636,-28.4162,39.1036
MISS,LMR-F01,Leaf Litter,none,3.192,0.0055,5.5914,1.184,0.5902,-28.5864,45.6944
MISS,LMR-S01,Leaf Litter,none,3.06,0.0077,3.7645,1.7273,0.5096,-28.6342,41.1574
MISS,LMR-F01,Leaf Litter,none,3.099,0.0056,5.6836,1.2265,0.5995,-28.6595,47.808
RICH,LRC-F01,Leaf Litter,none,2.889,0.0048,0.3938,1.1363,0.5081,-28.5528,43.4629
RICH,LRC-F01,Leaf Litter,none,2.956,0.0049,0.2695,1.126,0.5556,-30.0987,46.4493
SUGAR,LSC-F01,Leaf Litter,none,3.195,0.0068,2.7205,1.4656,0.5722,-28.4154,44.26
SUGAR,LSC-F01,Leaf Litter,none,3.101,0.0058,2.8718,1.2829,0.5171,-28.4176,41.2048
WHIT,LWR-F01,Leaf Litter,none,3.016,0.0074,3.6734,1.6808,0.5049,-25.9135,41.372
WHIT,LWR-F01,Leaf Litter,none,2.84,0.0064,3.504,1.5465,0.3709,-26.3072,32.2762
WHIT,LWR-S01,Leaf Litter,none,3.287,0.0073,4.368,1.5141,0.6404,-27.8841,48.1482
WHIT,LWR-S01,Leaf Litter,none,2.943,0.0062,4.3746,1.4413,0.5068,-28.1945,42.5561
DEER,GDC-S01,POM,none,65.704,0.0011,7.9342,0.0117,,,
DEER,GDC-F01,POM,none,66.471,0.0016,6.1374,0.0161,,,
EELR,GER-S01,POM,none,67.099,0.0014,6.2489,0.015,,,
EELR,GER-F01,POM,none,66.566,0.0012,7.2306,0.0125,,,
FISH,GFC-F01,POM,none,72.563,0.0045,7.5131,0.042,,,
LAUG,GLC-F01,POM,none,80.709,0.0032,5.9337,0.0274,,,
LAUG,GLC-S01,POM,none,64.926,0.0022,5.8049,0.0248,,,
MISS,GMR-S01,POM,none,69.638,0.0021,7.2617,0.0214,,,
MISS,GMR-F01,POM,none,74.598,0.0065,7.8978,0.0626,,,
MUDC,GMC-F01,POM,none,65.734,0.0018,6.0913,0.0187,,,
MUDC,GMC-F01,POM,none,69.638,0.0028,6.0927,0.0289,,,
RICH,GRC-F01,POM,none,79.12,0.0024,5.4474,0.0219,,,
RICH,GRC-S01,POM,none,69.132,0.002,4.65,0.0206,,,
SUGA,GSC-S01,POM,none,65.63,0.0026,8.1366,0.029,,,
SUGA,GSC-F01,POM,none,68.949,0.0025,7.5311,0.0256,,,
WHIT,GWR-F01,POM,none,71.822,0.0014,7.3371,0.013,,,
WILD,GWC-F01,POM,none,74.162,0.0014,7.1653,0.013,,,
WILDC,FWC-S01,POM,none,62.559,0.0006,5.9986,0.0064,,,
