Site ID,Season,Mussel Species,Sample ID,15N At. Air,%N,13C VPDB,%C
RICH,Fall,Asian Clam,RCAC-01,7.0798,8.7236,-32.9523,39.8249
RICH,Fall,Asian Clam,RCAC-04,7.6537,9.295,-32.8851,44.9381
LAUG,Summer,Asian Clam,LC-AC-04,9.542631806,7.149975162,-32.5789315,47.27510792
LAUG,Summer,Asian Clam,LC-AC-07,9.62690811,7.562745074,-32.55736524,46.80880896
RICH,Fall,Asian Clam,RCAC-07,7.5483,10.1735,-32.2931,43.3616
RICH,Summer,Asian Clam,RC-AC-01,6.806224277,8.394361891,-31.98591392,44.9038986
FISH,Summer,Asian Clam,FC-AC-01,11.56927627,7.936322601,-31.42611677,46.33666941
FISH,Fall,Asian Clam,FCAC-01,11.5464,0,-31.2363,41.7433
FISH,Fall,Asian Clam,FCAC-06,11.5812,6.7168,-31.1549,43.3186
FISH,Fall,Asian Clam,FCAC-09,11.2637,6.5467,-30.7675,38.0448
FISH,Fall,Asian Clam,FCAC-03,11.3212,6.6643,-30.7667,38.5834
EELR,Fall,Asian Clam,ERAC04,13.2368,7.5585,-30.1538,37.7878
DEER,Summer,Asian Clam,DC-AC-04,9.635937714,7.956777225,-30.14292418,47.11334106
LAUG,Summer,Asian Clam,LCAC-01,9.2365,8.0693,-29.9382,41.4875
SUGA,Fall,Asian Clam,SCAC-04,11.4171,7.3185,-29.7633,41.2219
WHIT,Summer,Asian Clam,WR-AC-01,11.19605264,7.337886812,-29.71748065,46.9105824
EELR,Fall,Asian Clam,ERAC-01,15.4292,7.6436,-29.6423,39.0409
EELR,Fall,Asian Clam,ERAC-07,14.4243,8.3086,-29.4242,41.9207
LAUG,Summer,Asian Clam,LCAC-07,8.8113,7.8439,-29.3774,42.5784
WHIT,Fall,Asian Clam,WRAC-01,10.0689,5.6701,-29.3385,39.7527
LAUG,Summer,Asian Clam,LCAC-04,8.3553,7.9046,-29.268,38.1344
MISS,Fall,Asian Clam,MRAC-04,11.1939,7.3603,-29.2167,37.8665
DEER,Fall,Asian Clam,DCAC-01,10.2742,6.4575,-29.1345,38.976
DEER,Fall,Asian Clam,DCAC-04,10.5355,7.0668,-29.1215,0
SUGA,Fall,Asian Clam,SCAC-07,11.5979,7.8098,-29.1145,41.6965
SUGA,Fall,Asian Clam,SCAC-01,11.8571,8.4121,-29.0232,39.4293
MISS,Fall,Asian Clam,MRAC-01,11.1837,8.5096,-29.0217,0
WHIT,Fall,Asian Clam,WRAC-07,10.8896,7.3651,-28.9353,41.0616
WILD,Fall,Asian Clam,WCAC-01,11.1165,7.0986,-28.8105,40.5096
WHIT,Fall,Asian Clam,WRAC-04,11.1033,6.6519,-28.7849,38.1336
DEER,Fall,Asian Clam,DCAC-07,10.6591,7.3834,-28.765,41.8214
MISS,Fall,Asian Clam,MRAC-07,12.2539,9.7074,-28.6636,43.838
WILD,Fall,Asian Clam,WCAC-04,10.4302,6.6055,-28.6539,38.618
WILD,Fall,Asian Clam,WCAC-07,11.2288,6.8598,-28.1248,38.1374
MUDC,Fall,Asian Clam,MCAC-01,10.0915,8.4489,-27.8402,40.1414
MUDC,Fall,Asian Clam,MCAC-08,9.2747,10.5044,-27.4413,51.4314
MUDC,Fall,Asian Clam,MCAC-05,10.4143,8.0866,-26.6867,35.2502
LAUG,Summer,Asian Clam,LC-AC-06,9.4915,6.3702,-32.8162,46.0599
EELR,Summer,Asian Clam,ER-AC-10-SP,10.9233,7.4525,-32.4976,46.9984
EELR,Summer,Asian Clam,ER-AC-02-SP,10.7919,7.486,-32.3927,46.8793
EELR,Summer,Asian Clam,ER-AC-09-SP,10.535,7.4627,-32.3556,45.8923
EELR,Summer,Asian Clam,ER-AC-08-SP,10.6211,8.5289,-32.0148,47.2908
RICH,Summer,Asian Clam,RC AC-09,6.8754,8.6055,-31.9095,45.8004
WILD,Summer,Asian Clam,WCC AC-02-SP,10.3307,6.3887,-31.6899,48.9979
WILD,Summer,Asian Clam,WCC AC-10-SP,10.1091,6.5878,-31.6007,45.6721
RICH,Summer,Asian Clam,RC AC-06,6.8243,8.7202,-31.5429,44.5924
FISH,Summer,Asian Clam,FC-AC-10,11.6626,7.9211,-31.4173,45.8857
WILD,Summer,Asian Clam,WCC AC-07-SP,10.3167,7.0049,-31.3948,45.1838
WILD,Summer,Asian Clam,WCC AC-06-SP,10.5222,7.2793,-31.1733,45.7112
RICH,Summer,Asian Clam,RC AC-10,7.1782,10.1169,-31.14,46.747
MISS,Summer,Asian Clam,MR-AC-09,11.6191,7.6491,-30.3019,44.7688
SUGA,Summer,Asian Clam,SC-AC-03-SP,10.5079,7.3845,-30.2156,46.5258
MISS,Summer,Asian Clam,MR-AC-10,11.9099,7.9164,-30.1264,46.8181
MISS,Summer,Asian Clam,MR-AC-02,11.4497,7.4739,-30.098,44.8822
SUGA,Summer,Asian Clam,SC-AC-04-SP,10.7723,7.6405,-30.0246,45.2529
MISS,Summer,Asian Clam,MR-AC-08,11.8798,8.0575,-30.0088,43.4457
SUGA,Summer,Asian Clam,SC-AC-01-SP,10.6642,8.1626,-29.9982,46.2461
MISS,Summer,Asian Clam,MR-AC-05,11.6352,8.4116,-29.9804,45.0901
DEER,Summer,Asian Clam,DC-AC-05,9.4182,7.8662,-29.9792,47.207
DEER,Summer,Asian Clam,DC-AC-02,9.2667,7.9754,-29.9753,46.3432
LAUG,fall,Asian Clam,LCAC01,9.24,8.07,-29.94,41.49
SUGA,Summer,Asian Clam,SC-AC-08-SP,10.8595,8.3142,-29.914,46.696
WHIT,Summer,Asian Clam,WR-AC-10,11.3305,7.8629,-29.8596,47.6025
WHIT,Summer,Asian Clam,WR-AC-05,11.1599,7.86,-29.7714,47.5965
WHIT,Summer,Asian Clam,WR-AC-09,11.1599,12.9549,-29.7655,81.0729
SUGA,Summer,Asian Clam,SC-AC-09-SP,10.7894,8.8472,-29.7563,46.7648
WHIT,Summer,Asian Clam,WR-AC-08,11.1619,7.4378,-29.7322,47.2945
LAUG,fall,Asian Clam,LCAC07,8.81,7.84,-29.38,42.58
LAUG,fall,Asian Clam,LCAC04,8.36,7.9,-29.27,38.13
MUDC,Summer,Asian Clam,MC-AC-07,6.609,9.7409,-28.6225,45.8289
MUDC,Summer,Asian Clam,MC-AC-02,7.4909,11.4961,-26.7119,47.1639
EELR,Summer,Fatmucket,ER-FM-06-SP,12.0344,8.5599,-32.6161,40.8528
EELR,Summer,Fatmucket,ER-FM-08-SP,11.8631,5.452,-32.5387,33.7467
LAUG,Summer,Fatmucket,LC-FM-07,10.3122,6.5088,-32.3917,43.9376
LAUG,Summer,Fatmucket,LC-FM-06,9.7463,7.4913,-32.1358,42.6207
EELR,Summer,Fatmucket,ER-FM-04-SP,11.3193,6.7211,-32.1068,37.6197
LAUG,Summer,Fatmucket,LC-FM-03,9.9771,6.8625,-32.1064,37.0707
EELR,Summer,Fatmucket,ER-FM-09-SP,11.4377,7.388,-32.079,41.9507
EELR,Summer,Fatmucket,ER-FM-02-SP,10.9516,5.3686,-32.0216,32.8202
EELR,Summer,Fatmucket,ER-FM-10-SP,11.7505,6.5953,-31.9359,35.1096
MUDC,Summer,Fatmucket,MC-FM-07,9.1357,4.8315,-31.7562,40.5827
RICH,Summer,Fatmucket,RC FM-02,8.0034,10.3813,-31.7418,36.7448
FISH,Summer,Fatmucket,FC-FM-07,12.1656,5.0759,-31.6308,35.1899
EELR,Summer,Fatmucket,ER-FM-03-SP,11.3243,9.8053,-31.5486,44.2061
RICH,Summer,Fatmucket,RC FM-03,9.0884,6.9721,-31.4595,27.0169
FISH,Summer,Fatmucket,FC-FM-06,12.3349,6.6351,-31.4408,35.8055
LAUG,Summer,Fatmucket,LC-FM-04,10.3713,9.5189,-31.3595,42.8541
EELR,Summer,Fatmucket,ER-FM-05-SP,11.5897,9.4427,-31.2832,39.7666
RICH,Summer,Fatmucket,RC FM-10,7.2795,6.6708,-31.2792,27.4138
EELR,Summer,Fatmucket,ER-FM-01-SP,11.3673,8.0576,-31.243,37.9271
FISH,Summer,Fatmucket,FC-FM-10,12.0725,7.4303,-31.1392,36.4127
EELR,Summer,Fatmucket,ER-FM-07-SP,11.6458,7.2562,-31.0412,32.4671
RICH,Summer,Fatmucket,RC FM-01,7.5402,6.9896,-31.0322,26.8501
RICH,Summer,Fatmucket,RC FM-07,7.6214,10.3552,-31.0273,40.8124
FISH,Summer,Fatmucket,FC-FM-08,12.0655,7.1077,-30.9913,33.4387
LAUG,Summer,Fatmucket,LC-FM-10,11.1549,10.2416,-30.6497,39.2846
WILD,Summer,Fatmucket,WCC-FM-04-SP,10.8715,8.088,-30.6221,43.204
WILD,Summer,Fatmucket,WCC-FM-06-SP,11.2772,6.7341,-30.5852,38.9023
WILD,Summer,Fatmucket,WCC-FM-02-SP,11.8281,7.4591,-30.3351,36.2055
SUGA,Summer,Fatmucket,SC-FM-01-SP,12.2398,10.0554,-30.2823,39.6242
WILD,Summer,Fatmucket,WCC-FM-07-SP,11.6121,6.7898,-30.2715,34.7338
WILD,Summer,Fatmucket,WCC-FM-03-SP,11.5256,6.6448,-30.2685,38.4244
WILD,Summer,Fatmucket,WCC-FM-09-SP,11.5436,8.8521,-29.9825,41.537
DEER,Summer,Fatmucket,DC-FM-10,10.543,4.7306,-29.866,34.2161
WILD,Summer,Fatmucket,WCC-FM-05-SP,11.8107,7.9218,-29.8206,36.2396
WHIT,Summer,Fatmucket,WR-FM-08,11.8561,7.119,-29.723,35.3752
SUGA,Summer,Fatmucket,SC-FM-07-SP,11.202,6.407,-29.6098,34.0002
DEER,Summer,Fatmucket,DC-FM-06,11.478,10.9104,-29.5489,45.4317
DEER,Summer,Fatmucket,DC-FM-03,10.2004,6.868,-29.5389,36.6083
WILD,Summer,Fatmucket,WCC-FM-10-SP,11.5717,6.2699,-29.5349,31.3455
MUDC,Summer,Fatmucket,MC-FM-06,7.8736,6.6064,-29.4948,39.6843
SUGA,Summer,Fatmucket,SC-FM-03-SP,11.938,8.1738,-29.4942,37.2414
SUGA,Summer,Fatmucket,SC-FM-02-SP,11.2471,7.5873,-29.2285,33.379
WILD,Summer,Fatmucket,WCC-FM-08-SP,11.2882,5.063,-29.151,31.3524
DEER,Summer,Fatmucket,DC-FM-08,11.9626,12.6544,-29.1166,44.5247
SUGA,Summer,Fatmucket,SC-FM-09-SP,10.9303,6.9475,-29.0247,30.2291
WHIT,Summer,Fatmucket,WR-FM-02,11.5266,7.4735,-28.9875,36.0786
SUGA,Summer,Fatmucket,SC-FM-04-SP,11.5981,7.4106,-28.9835,35.9679
WILD,Summer,Fatmucket,WCC-FM-01-SP,11.6768,6.975,-28.9434,31.9217
MUDC,Summer,Fatmucket,MC-FM-08,9.4932,8.5162,-28.9424,41.4375
SUGA,Summer,Fatmucket,SC-FM-06-SP,11.5249,7.0066,-28.9355,34.6279
SUGA,Summer,Fatmucket,SC-FM-08-SP,12.4113,7.7251,-28.9286,26.6287
SUGA,Summer,Fatmucket,SC-FM-05-SP,13.0811,9.4113,-28.6335,33.8892
WHIT,Summer,Fatmucket,WR-FM-06,11.4276,6.7185,-28.5953,30.1631
WHIT,Summer,Fatmucket,WR-FM-07,11.9172,5.9723,-28.533,25.4831
MUDC,Summer,Fatmucket,MC-FM-10,9.1677,7.5335,-28.5183,38.422
SUGA,Summer,Fatmucket,SC-FM-10-SP,12.4614,8.511,-28.4473,31.8258
DEER,Summer,Fatmucket,DC-FM-09,10.4118,4.9663,-27.9199,28.6544
MUDC,Summer,Fatmucket,MC-FM-05,9.5804,8.7798,-27.2539,39.5597
WHIT,Summer,Fatmucket,WR-FM-05,11.6859,5.8332,-26.49,24.5815
MUDC,Summer,Fatmucket,MC-FM-09,9.4161,5.1139,-26.3881,23.876
RICH,Fall,Fatmucket,RCFM-06,7.0492,3.9076,-33.6197,30.7424
RICH,Summer,Fatmucket,RC-FM-06,6.149460608,7.214586422,-32.71128086,36.00472125
RICH,Fall,Fatmucket,RCFM-09,7.3969,5.1584,-32.1875,32.2591
RICH,Summer,Fatmucket,RC-FM-09,7.527160275,7.381106863,-32.14863137,37.41097127
MUDC,Summer,Fatmucket,MC-FM-03,10.40474357,10.25871121,-32.05688325,40.21983289
LAUG,Summer,Fatmucket,LC-FM-02,10.05631595,8.062002682,-31.90057453,40.10132617
RICH,Summer,Fatmucket,RC-FM-04,6.877415454,7.314900466,-31.85652415,35.99917382
LAUG,Summer,Fatmucket,LC-FM-09,9.603832455,9.317933072,-31.81528977,44.40648315
LAUG,Summer,Fatmucket,LC-FM-08,9.987088983,8.540298572,-31.80352635,45.66816426
LAUG,Summer,Fatmucket,LC-FM-05,10.18373369,7.745717233,-31.75255155,40.11328628
RICH,Summer,Fatmucket,RC-FM-08,7.182234012,7.86863355,-31.61930955,35.37796449
FISH,Fall,Fatmucket,FCFM-01,11.9991,5.8436,-31.5831,32.954
RICH,Fall,Fatmucket,RCFM-05,7.1555,2.8401,-31.4671,24.5472
LAUG,Summer,Fatmucket,LC-FM-01,10.08039489,6.737450181,-31.3918068,33.36195698
RICH,Summer,Fatmucket,RC-FM-05,8.038533514,10.84655298,-31.22525886,37.40091006
FISH,Summer,Fatmucket,FC-FM-01,11.77199848,8.817541836,-31.18228279,40.25919417
FISH,Summer,Fatmucket,FC-FM-09,12.08150893,7.39346083,-31.12841602,35.98947193
FISH,Summer,Fatmucket,FC-FM-04,11.93927435,7.347505034,-31.03537342,36.10196295
FISH,Summer,Fatmucket,FC-FM-02,11.8841835,9.612682964,-31.0177443,39.7833767
RICH,Fall,Fatmucket,RCFM-08,7.0173,4.3569,-30.9309,31.1828
EELR,Fall,Fatmucket,ERFM-07,12.2338,7.7193,-30.5896,33.6422
LAUG,Fall,Fatmucket,LCFM-01,9.7791,11.3612,-30.5608,145.4183
EELR,Fall,Fatmucket,ERFM-09,12.2035,5.8687,-30.5046,30.4836
FISH,Fall,Fatmucket,FCFM-02,12.0134,6.8497,-30.4665,29.594
FISH,Fall,Fatmucket,FCFM-09,12.0609,5.8071,-30.4146,29.1398
FISH,Fall,Fatmucket,FCFM-04,11.9466,7.6955,-30.4092,34.4429
EELR,Fall,Fatmucket,ERFM-03,12.4588,8.6472,-30.3503,35.2715
MUDC,Fall,Fatmucket,MCFM-03,10.3246,7.3778,-30.2991,35.2124
RICH,Fall,Fatmucket,RCFM-04,7.4542,3.9166,-30.2273,25.8758
FISH,Fall,Fatmucket,FCFM-05,12.9593,13.3591,-30.1977,43.4405
MUDC,Fall,Fatmucket,MCFM-01,10.4525,5.6923,-30.1633,32.4224
EELR,Fall,Fatmucket,ERFM-04,13.3205,4.9285,-30.1593,24.276
LAUG,Fall,Fatmucket,LCFM-02,8.3782,6.8464,-29.6977,39.9257
EELR,Fall,Fatmucket,ERFM-10,12.5511,6.2703,-29.6217,28.3909
WHIT,Summer,Fatmucket,WR-FM-10,11.66682502,7.152631036,-29.55550635,35.00182378
DEER,Summer,Fatmucket,DC-FM-02,9.817533085,7.373165509,-29.46848835,37.28125532
MISS,Summer,Fatmucket,MR-FM-01,11.79601966,8.069211939,-29.45574465,38.66291657
DEER,Summer,Fatmucket,DC-FM-07,10.37769897,6.481929389,-29.39782363,35.67251873
DEER,Summer,Fatmucket,DC-FM-05,10.45382452,6.252721613,-29.27735794,32.28741957
WHIT,Summer,Fatmucket,WR-FM-09,11.84511907,8.923426562,-29.27246096,39.32227624
LAUG,Fall,Fatmucket,LCFM-08,9.4014,6.9533,-29.2681,35.8491
DEER,Summer,Fatmucket,DC-FM-04,11.25223684,4.670189805,-29.20577207,27.93788758
MUDC,Summer,Fatmucket,MC-FM-01,9.483223782,7.89858375,-29.17256259,38.72730476
SUGA,Fall,Fatmucket,SCFM-09,12.6507,8.0506,-29.0574,35.4845
WHIT,Summer,Fatmucket,WR-FM-04,11.33527823,7.503621085,-28.99137437,35.37735185
WHIT,Summer,Fatmucket,WR-FM-01,11.50756236,5.784928874,-28.96591007,32.00837318
WILD,Fall,Fatmucket,WCFM-05,12.1203,5.9539,-28.9611,33.6904
LAUG,Fall,Fatmucket,LCFM-05,9.5462,6.2884,-28.9411,30.898
WILD,Fall,Fatmucket,WCFM-03,11.5674,4.9657,-28.9354,31.6945
SUGA,Fall,Fatmucket,SCFM-08,12.6297,6.9939,-28.8842,31.6843
WHIT,Fall,Fatmucket,WRFM-09,11.6044,8.4282,-28.8684,40.6906
WHIT,Fall,Fatmucket,WRFM-03,10.8608,5.005,-28.8619,30.8218
WHIT,Fall,Fatmucket,WRFM-10,12.1606,7.41,-28.8527,37.9322
WILD,Fall,Fatmucket,WCFM-01,11.7736,4.242,-28.8457,27.1094
WHIT,Fall,Fatmucket,WRFM-04,11.4092,5.741,-28.8396,32.5707
SUGA,Fall,Fatmucket,SCFM-10,12.4344,7.6085,-28.8133,35.8005
WHIT,Summer,Fatmucket,WR-FM-03,11.60611388,6.048529822,-28.79429939,30.65899131
WILD,Fall,Fatmucket,WCFM-08,10.8241,3.4152,-28.7483,21.3417
MISS,Fall,Fatmucket,MRFM-05,11.9072,7.0767,-28.7007,32.1736
WILD,Fall,Fatmucket,WCFM-10,11.084,3.9972,-28.7007,25.9997
DEER,Summer,Fatmucket,DC-FM-01,11.08286194,8.333636289,-28.67600892,32.45968361
MUDC,Summer,Fatmucket,MC-FM-04,8.048858196,7.708906305,-28.65837979,41.60912574
DEER,Fall,Fatmucket,DCFM-01,11.8715,6.3679,-28.5446,29.9738
WHIT,Fall,Fatmucket,WRFM-01,11.6127,3.501,-28.4748,27.7618
SUGA,Fall,Fatmucket,SCFM-05,11.7597,5.76,-28.4583,28.1281
SUGA,Fall,Fatmucket,SCFM-06,12.1088,5.3923,-28.4182,25.7705
LAUG,Fall,Fatmucket,LCFM-09,9.2217,8.8349,-28.3883,39.0862
MISS,Fall,Fatmucket,MRFM-01,12.5166,7.5298,-28.3253,32.0832
DEER,Fall,Fatmucket,DCFM-07,11.0433,6.3602,-28.2405,30.5454
MUDC,Summer,Fatmucket,MC-FM-02,14.38731171,5.872394231,-28.12069149,24.45914947
DEER,Fall,Fatmucket,DCFM-04,11.1857,5.4598,-28.0711,28.0685
MISS,Fall,Fatmucket,MRFM-09,10.1849,6.7922,-28.0238,33.9451
DEER,Fall,Fatmucket,DCFM-05,11.4804,7.4743,-28.0173,34.6463
MUDC,Fall,Fatmucket,MCFM-04,9.6386,7.3702,-27.9684,33.8765
MISS,Fall,Fatmucket,MRFM-03,12.2796,5.7057,-27.9094,25.9519
MUDC,Fall,Fatmucket,MCFM-02,9.9954,6.6535,-27.8237,36.1077
MISS,Fall,Fatmucket,MRFM-10,12.2512,6.7517,-27.7665,30.0085
DEER,Fall,Fatmucket,DCFM-02,11.1303,5.7572,-27.7392,28.8281
RICH,Summer,Plain Pocketbook,RC PP-08,7.456,8.2548,-32.2947,35.8175
RICH,Summer,Plain Pocketbook,RC PP-10,7.5262,11.1476,-32.2212,42.5554
RICH,Summer,Plain Pocketbook,RC PP-01,7.4299,9.2679,-31.8536,39.1242
RICH,Summer,Plain Pocketbook,RC PP-05,7.2725,7.1699,-31.8154,30.8309
RICH,Summer,Plain Pocketbook,RC PP-03,7.5462,10.1481,-31.6869,38.6057
EELR,Summer,Plain Pocketbook,ER-PP-08-SP,10.9544,4.4813,-31.6497,26.171
RICH,Summer,Plain Pocketbook,RC PP-07,7.2825,7.0938,-31.6026,32.0026
EELR,Summer,Plain Pocketbook,ER-PP-07-SP,11.3213,9.8772,-31.3899,42.2379
EELR,Summer,Plain Pocketbook,ER-PP-05-SP,11.5376,9.1356,-31.384,38.3092
EELR,Summer,Plain Pocketbook,ER-PP-03-SP,11.6893,10.1895,-31.289,41.0243
EELR,Summer,Plain Pocketbook,ER-PP-02-SP,11.7405,11.4362,-31.0625,42.666
EELR,Summer,Plain Pocketbook,ER-PP-01-SP,11.7736,9.1336,-30.9626,38.3615
EELR,Summer,Plain Pocketbook,ER-PP-04-SP,11.799,9.8293,-30.8238,36.442
EELR,Summer,Plain Pocketbook,ER-PP-06-SP,11.9343,9.2266,-30.8091,36.8715
EELR,Summer,Plain Pocketbook,ER-PP-09-SP,11.4036,6.567,-30.6332,32.8788
WILD,Summer,Plain Pocketbook,WCC-PP-06-SP,11.2542,7.4879,-30.6037,37.4055
WILD,Summer,Plain Pocketbook,WCC-PP-08-SP,11.5723,7.5303,-30.2419,37.7699
WILD,Summer,Plain Pocketbook,WCC-PP-10-SP,11.0488,6.2367,-30.1402,35.0429
WILD,Summer,Plain Pocketbook,WCC-PP-01-SP,11.2031,7.9309,-30.0586,33.3962
WILD,Summer,Plain Pocketbook,WCC-PP-05-SP,11.3743,9.1348,-29.7974,40.0544
WILD,Summer,Plain Pocketbook,WCC-PP-09-SP,11.9062,9.2812,-29.721,35.899
SUGA,Summer,Plain Pocketbook,SC-PP-03,13.1565,12.1198,-29.5136,42.0007
SUGA,Summer,Plain Pocketbook,SC-PP-07,12.5525,10.2683,-29.4714,41.6677
WILD,Summer,Plain Pocketbook,WCC-PP-04-SP,12.1096,9.4341,-29.4674,39.1172
WILD,Summer,Plain Pocketbook,WCC-PP-03-SP,11.6127,8.6315,-29.4615,38.4073
WILD,Summer,Plain Pocketbook,WCC-PP-02-SP,11.6826,8.3495,-29.4508,34.1783
WILD,Summer,Plain Pocketbook,WCC-PP-07-SP,11.6826,10.3576,-29.3656,40.1653
MISS,Summer,Plain Pocketbook,MR-PP-09,12.5142,8.6664,-29.3557,40.3055
MISS,Summer,Plain Pocketbook,MR-PP-06,12.367,9.2869,-29.3489,41.8885
FISH,Summer,Plain Pocketbook,FC-PP-01 1/2,12.5136,8.7502,-29.3168,30.4601
WHIT,Summer,Plain Pocketbook,WR-PP-08,11.6191,6.9448,-29.2109,31.7859
DEER,Summer,Plain Pocketbook,DC-PP-06,11.196,9.4376,-29.2068,40.6224
WHIT,Summer,Plain Pocketbook,WR-PP-10,12.2719,9.7911,-29.1844,37.5853
DEER,Summer,Plain Pocketbook,DC-PP-08,11.761,10.8903,-29.0756,40.4365
MUDC,Summer,Plain Pocketbook,MC-PP-04,9.0169,8.8236,-29.0617,41.2506
DEER,Summer,Plain Pocketbook,DC-PP-10,10.8986,8.8576,-29.0149,37.3212
MISS,Summer,Plain Pocketbook,MR-PP-05,12.0364,10.554,-28.8435,41.4709
SUGA,Summer,Plain Pocketbook,SC-PP-02,12.5184,9.2198,-28.8215,37.4163
WHIT,Summer,Plain Pocketbook,WR-PP-05,12.1546,11.1124,-28.8149,41.6575
MISS,Summer,Plain Pocketbook,MR-PP-07,12.9419,9.8748,-28.7926,39.0926
MUDC,Summer,Plain Pocketbook,MC-PP-10,8.8684,7.1281,-28.7793,38.7606
WHIT,Summer,Plain Pocketbook,WR-PP-07,12.6068,5.0734,-28.7325,22.8672
SUGA,Summer,Plain Pocketbook,SC-PP-10,12.8685,11.332,-28.7264,41.4304
MUDC,Summer,Plain Pocketbook,MC-PP-06,8.4741,6.8149,-28.7186,36.6059
MUDC,Summer,Plain Pocketbook,MC-PP-07,8.9948,7.4328,-28.6794,37.6418
WHIT,Summer,Plain Pocketbook,WR-PP-09,12.3301,7.5555,-28.5914,30.7081
DEER,Summer,Plain Pocketbook,DC-PP-09,11.1299,6.7483,-28.5722,29.1275
MUDC,Summer,Plain Pocketbook,MC-PP-05,9.2537,8.6723,-28.4764,39.271
SUGA,Summer,Plain Pocketbook,SC-PP-05,13.1073,9.4717,-28.4608,33.1135
DEER,Summer,Plain Pocketbook,DC-PP-01,11.3623,9.0663,-28.1305,34.7037
RICH,Fall,Plain Pocketbook,RCPP-02,7.8025,6.7453,-33.4349,31.8041
RICH,Fall,Plain Pocketbook,RCPP-06,7.4925,5.5911,-33.3722,30.7548
RICH,Fall,Plain Pocketbook,RCPP-09,7.5248,5.5382,-33.2533,27.6735
RICH,Summer,Plain Pocketbook,RC-PP-06,7.767806505,8.519982735,-32.61423853,38.13781051
RICH,Summer,Plain Pocketbook,RC-PP-09,6.611701908,6.742278536,-32.50641371,34.6253578
RICH,Fall,Plain Pocketbook,RCPP-04,7.3249,6.3083,-32.1961,31.5153
RICH,Summer,Plain Pocketbook,RC-PP-04,7.588324525,4.938498981,-32.10648167,28.53391168
RICH,Summer,Plain Pocketbook,RC-PP-02,8.313271293,6.691009623,-31.68792534,26.46728243
LAUG,Fall,Plain Pocketbook,LCPP-09,10.0006,7.9482,-30.0986,34.3488
LAUG,Fall,Plain Pocketbook,LCPP-08,10.1596,7.8587,-30.0206,36.8872
FISH,Fall,Plain Pocketbook,FCPP-01,12.0606,5.8522,-29.9451,26.1454
MISS,Summer,Plain Pocketbook,MR-PP-01,11.9883553,7.195520085,-29.86107785,34.53576833
FISH,Fall,Plain Pocketbook,FCPP-02,12.4177,6.8927,-29.7692,30.2042
LAUG,Fall,Plain Pocketbook,LCPP-07,10.4698,4.7725,-29.7259,25.1809
EELR,Fall,Plain Pocketbook,ERPP-02,12.478,4.6233,-29.6751,21.6055
EELR,Fall,Plain Pocketbook,ERPP-04,12.124,8.0718,-29.6376,35.5031
EELR,Fall,Plain Pocketbook,ERPP-05,13.1332,5.3519,-29.634,24.8275
SUGA,Summer,Plain Pocketbook,SC-PP-06,12.56152943,8.997419777,-29.5733788,36.80035611
SUGA,Fall,Plain Pocketbook,SCPP-09,12.3761,7.2303,-29.4955,34.2942
SUGA,Summer,Plain Pocketbook,SC-PP-01,12.5735689,8.888954904,-29.36849932,39.94946389
WILD,Fall,Plain Pocketbook,WCPP-03,11.4285,8.7777,-29.3309,37.467
LAUG,Fall,Plain Pocketbook,LCPP-02,9.7024,6.7599,-29.329,37.8853
MISS,Summer,Plain Pocketbook,MR-PP-04,12.40704581,10.38324685,-29.28029613,40.96460535
SUGA,Summer,Plain Pocketbook,SC-PP-08,12.5454768,9.663731754,-29.24400317,38.4145624
LAUG,Fall,Plain Pocketbook,LCPP-10,10.1013,6.1273,-29.2415,31.1311
MISS,Summer,Plain Pocketbook,MR-PP-03,12.4781631,9.517104402,-29.09910791,40.33648721
MISS,Summer,Plain Pocketbook,MR-PP-08,12.16564769,9.764296451,-29.09225213,41.65772383
SUGA,Summer,Plain Pocketbook,SC-PP-09,11.48700655,9.249606883,-29.07637449,39.20749197
SUGA,Fall,Plain Pocketbook,SCPP-01,12.2452,5.5314,-29.0568,32.8962
WHIT,Fall,Plain Pocketbook,WRPP-04,11.5387,7.0165,-29.0266,34.182
EELR,Fall,Plain Pocketbook,ERPP-08,12.6244,3.8019,-29.0214,20.173
DEER,Summer,Plain Pocketbook,DC-PP-05,11.40539387,11.72681887,-29.01487987,42.47818659
WHIT,Summer,Plain Pocketbook,WR-PP-06,12.91563044,11.58015951,-29.00014677,38.25701444
EELR,Fall,Plain Pocketbook,ERPP-06,12.154,7.0894,-28.9861,31.8743
MUDC,Summer,Plain Pocketbook,MC-PP-08,9.374079196,8.828730023,-28.84404703,42.11592417
DEER,Summer,Plain Pocketbook,DC-PP-03,11.46048472,10.91341616,-28.83760922,40.82521039
WHIT,Fall,Plain Pocketbook,WRPP-06,12.9356,9.3847,-28.8209,38.4678
WILD,Fall,Plain Pocketbook,WCPP-10,11.58,4.3451,-28.8155,27.7945
MUDC,Summer,Plain Pocketbook,MC-PP-03,10.71246718,6.940181041,-28.77738768,37.58672334
MISS,Summer,Plain Pocketbook,MR-PP-10,12.65144889,12.16432205,-28.75925756,43.07168655
WHIT,Fall,Plain Pocketbook,WRPP-02,12.3456,7.921,-28.7385,37.5672
MISS,Fall,Plain Pocketbook,MRPP-01,11.9275,8.3215,-28.7357,35.2396
SUGA,Summer,Plain Pocketbook,SC-PP-04,12.53745049,8.95651577,-28.67151694,37.45490974
WHIT,Summer,Plain Pocketbook,WR-PP-02,13.32071827,10.56469721,-28.66490962,34.52614526
WHIT,Summer,Plain Pocketbook,WR-PP-03,12.83441234,9.72211305,-28.65608759,35.66815615
WHIT,Fall,Plain Pocketbook,WRPP-03,11.673,8.6828,-28.6559,37.8866
WHIT,Fall,Plain Pocketbook,WRPP-01,13.0435,9.4946,-28.6416,41.3249
DEER,Summer,Plain Pocketbook,DC-PP-07,11.56064992,10.11926587,-28.56533719,36.54576081
SUGA,Fall,Plain Pocketbook,SCPP-04,12.1393,6.9532,-28.5594,32.2872
WHIT,Summer,Plain Pocketbook,WR-PP-04,12.65292498,6.002103005,-28.55120345,24.14907978
DEER,Summer,Plain Pocketbook,DC-PP-04,11.02576778,5.713074879,-28.54476988,26.02025172
DEER,Summer,Plain Pocketbook,DC-PP-02,11.36332448,10.03533635,-28.50853223,37.34347436
MUDC,Fall,Plain Pocketbook,MCPP-09,9.1297,7.4097,-28.4834,38.8346
MISS,Fall,Plain Pocketbook,MRPP-03,11.8401,5.9447,-28.481,30.2155
DEER,Fall,Plain Pocketbook,DCPP-02,11.159,7.9677,-28.4322,35.7509
WILD,Fall,Plain Pocketbook,WCPP-04,11.228,3.1562,-28.3499,18.6213
SUGA,Fall,Plain Pocketbook,SCPP-08,12.5662,8.4648,-28.3465,33.1167
WILD,Fall,Plain Pocketbook,WCPP-05,11.9087,3.782,-28.3108,22.0572
MISS,Fall,Plain Pocketbook,MRPP-10,12.4379,6.2895,-28.2592,28.7716
DEER,Fall,Plain Pocketbook,DCPP-03,11.5332,6.0942,-28.2514,29.9951
MISS,Fall,Plain Pocketbook,MRPP-04,12.6443,6.1737,-28.2129,27.4783
MISS,Fall,Plain Pocketbook,MRPP-08,12.2878,4.897,-28.206,22.86
DEER,Fall,Plain Pocketbook,DCPP-04,11.3816,6.048,-28.0648,26.7026
SUGA,Fall,Plain Pocketbook,SCPP-06,12.2871,6.7126,-28.0455,31.3278
WILD,Fall,Plain Pocketbook,WCPP-08,11.5979,3.5899,-27.9807,23.2367
WHIT,Summer,Plain Pocketbook,WR-PP-01,12.85145812,4.799343249,-27.93072065,18.73196208
DEER,Fall,Plain Pocketbook,DCPP-05,11.5471,7.3792,-27.8275,31.4848
DEER,Fall,Plain Pocketbook,DCPP-07,11.7558,7.9931,-27.8116,32.5991
MUDC,Fall,Plain Pocketbook,MCPP-02,9.8587,8.5217,-27.7026,35.7734
MUDC,Summer,Plain Pocketbook,MC-PP-02,9.743289674,8.335719977,-27.33244813,37.25264442
MUDC,Fall,Plain Pocketbook,MCPP-08,9.8301,5.7586,-27.328,35.848
MUDC,Summer,Plain Pocketbook,MC-PP-01,10.4465955,9.799477847,-27.32264528,40.06663718
MUDC,Summer,Plain Pocketbook,MC-PP-09,9.47541142,8.545347799,-27.29323674,36.84659619
MUDC,Fall,Plain Pocketbook,MCPP-03,9.7141,7.3425,-26.8655,30.4861
MUDC,Fall,Plain Pocketbook,MCPP-01,10.1941,9.0395,-26.6066,36.5085
EELR,Summer,Wabash Pigtoe,ER-WP-07-SP,10.8875,7.2559,-31.8463,40.8725
EELR,Summer,Wabash Pigtoe,ER-WP-04-SP,10.9957,6.8716,-31.6661,33.6373
LAUG,Summer,Wabash Pigtoe,LC-WP-04,9.5,7.125,-31.5647,42.9382
EELR,Summer,Wabash Pigtoe,ER-WP-08-SP,10.4027,7.5559,-31.5564,39.3239
LAUG,Summer,Wabash Pigtoe,LC-WP-06,9.5838,7.2171,-31.531,43.262
EELR,Summer,Wabash Pigtoe,ER-WP-03-SP,10.4298,8.2756,-31.4134,39.0729
LAUG,Summer,Wabash Pigtoe,LC-WP-08,9.046,8.2854,-31.3212,42.6029
LAUG,Summer,Wabash Pigtoe,LC-WP-05,9.6325,7.8398,-31.2655,39.377
EELR,Summer,Wabash Pigtoe,ER-WP-09-SP,11.3603,7.7989,-31.2626,36.1479
RICH,Summer,Wabash Pigtoe,RC WP-06,6.8092,6.6878,-31.2517,34.9806
LAUG,Summer,Wabash Pigtoe,LC-WP-07,9.2878,8.3793,-31.2516,42.2987
EELR,Summer,Wabash Pigtoe,ER-PP-10-SP,11.8026,10.5531,-31.0625,39.9617
EELR,Summer,Wabash Pigtoe,ER-WP-01-SP,10.9446,6.165,-30.9874,29.933
LAUG,Summer,Wabash Pigtoe,LC-WP-03,9.8757,5.6335,-30.983,31.5172
LAUG,Summer,Wabash Pigtoe,LC-WP-09,9.5386,6.6573,-30.9291,32.766
EELR,Summer,Wabash Pigtoe,ER-WP-02-SP,11.3233,11.4454,-30.8209,44.6221
EELR,Summer,Wabash Pigtoe,ER-WP-10-SP,11.8046,10.5717,-30.7724,43.0785
LAUG,Summer,Wabash Pigtoe,LC-WP-02,9.7965,8.2155,-30.7644,37.7133
RICH,Summer,Wabash Pigtoe,RC WP-09,7.1522,7.5229,-30.6999,33.4057
RICH,Summer,Wabash Pigtoe,RC WP-10,7.8701,6.9537,-30.5999,27.9204
EELR,Summer,Wabash Pigtoe,ER-WP-06-SP,11.4955,9.1833,-30.5016,36.9854
RICH,Summer,Wabash Pigtoe,RC WP-03,7.3336,8.2005,-30.493,35.4724
WILD,Summer,Wabash Pigtoe,WCC-WP-01-SP,10.4568,7.3798,-30.3204,40.2993
FISH,Summer,Wabash Pigtoe,FC-WP-04,12.7893,9.4468,-30.3047,40.0088
FISH,Summer,Wabash Pigtoe,FC-WP-01,12.6137,11.0056,-30.2449,44.0353
FISH,Summer,Wabash Pigtoe,FC-WP-03,12.3619,6.4285,-30.2057,32.2878
RICH,Summer,Wabash Pigtoe,RC WP-02,7.2564,6.517,-30.1833,29.576
EELR,Summer,Wabash Pigtoe,ER-WP-05-SP,11.757,9.6627,-30.0442,40.3085
WILD,Summer,Wabash Pigtoe,WCC-WP-03-SP,11.18,7.3118,-30.0264,37.638
FISH,Summer,Wabash Pigtoe,FC-WP-10,12.4472,7.0974,-29.9782,29.1743
FISH,Summer,Wabash Pigtoe,FC-WP-02,12.3227,6.2776,-29.9753,28.8569
WILD,Summer,Wabash Pigtoe,WCC-WP-07-SP,11.5209,8.4315,-29.85,36.7957
MISS,Summer,Wabash Pigtoe,MR-WP-09,12.082,7.8599,-29.8283,45.1975
MISS,Summer,Wabash Pigtoe,MR-WP-06,12.2666,7.0941,-29.7871,38.6354
WILD,Summer,Wabash Pigtoe,WCC-WP-02-SP,11.0446,8.0718,-29.7275,35.2496
WILD,Summer,Wabash Pigtoe,WCC-WP-04-SP,11.5312,7.5303,-29.5557,37.2643
SUGA,Summer,Wabash Pigtoe,SC-WP-05-SP,10.7203,7.9246,-29.5251,40.3864
SUGA,Summer,Wabash Pigtoe,SC-WP-07-SP,11.9743,7.9381,-29.5222,37.9482
SUGA,Summer,Wabash Pigtoe,SC-WP-03-SP,11.75,8.2373,-29.4948,40.115
MISS,Summer,Wabash Pigtoe,MR-WP-10,12.4221,9.0812,-29.4901,44.019
SUGA,Summer,Wabash Pigtoe,SC-WP-08-SP,12.404,11.0147,-29.483,42.8287
DEER,Summer,Wabash Pigtoe,DC-WPT-05,10.2715,6.2205,-29.4805,34.3873
SUGA,Summer,Wabash Pigtoe,SC-WP-10-SP,11.6949,9.6486,-29.4203,43.6569
WHIT,Summer,Wabash Pigtoe,WR-WP-05,11.4585,7.5048,-29.3968,38.5355
MISS,Summer,Wabash Pigtoe,MR-WP-05,12.1542,10.8217,-29.3881,44.5113
DEER,Summer,Wabash Pigtoe,DC-WPT-03,9.9005,9.1322,-29.257,44.2026
SUGA,Summer,Wabash Pigtoe,SC-WP-01-SP,12.0555,10.4581,-29.198,42.8782
DEER,Summer,Wabash Pigtoe,DC-WPT-07,11.2231,8.7127,-29.1893,38.2843
SUGA,Summer,Wabash Pigtoe,SC-WP-06-SP,11.2381,8.4334,-29.1657,40.9821
DEER,Summer,Wabash Pigtoe,DC-WPT-09,11.7164,8.6007,-29.1227,42.0205
DEER,Summer,Wabash Pigtoe,DC-WPT-10,10.7057,8.6625,-29.005,40.1219
DEER,Summer,Wabash Pigtoe,DC-WPT-08,10.5382,8.8459,-28.9815,39.7079
DEER,Summer,Wabash Pigtoe,DC-WPT-02,11.4617,9.2274,-28.9658,39.3654
WHIT,Summer,Wabash Pigtoe,WR-WP-09,12.0545,6.0526,-28.9424,27.5294
WHIT,Summer,Wabash Pigtoe,WR-WP-02,12.35,9.5336,-28.9022,37.3162
MISS,Summer,Wabash Pigtoe,MR-WP-07,12.5836,11.0377,-28.8999,41.6227
SUGA,Summer,Wabash Pigtoe,SC-WP-02-SP,12.4832,11.3487,-28.8562,44.1688
SUGA,Summer,Wabash Pigtoe,SC-WP-04-SP,12.3439,9.6325,-28.8308,39.2579
WHIT,Summer,Wabash Pigtoe,WR-WP-07,11.5446,8.0737,-28.7651,37.5724
DEER,Summer,Wabash Pigtoe,DC-WPT-04,10.6335,8.2837,-28.7551,37.5431
SUGA,Summer,Wabash Pigtoe,SC-WP-09-SP,12.6585,11.6968,-28.7514,43.9098
DEER,Summer,Wabash Pigtoe,DC-WPT-01,12.29,13.3409,-28.7286,47.6375
WHIT,Summer,Wabash Pigtoe,WR-WP-04,12.3129,5.7963,-28.5428,27.1664
DEER,Summer,Wabash Pigtoe,DC-WPT-06,11.1479,11.886,-28.2718,45.5063
MUDC,Summer,Wabash Pigtoe,MC WP-06,9.8905,8.7065,-28.2111,40.5376
MUDC,Summer,Wabash Pigtoe,MC WP-05,8.1769,6.291,-27.5867,36.0768
MUDC,Summer,Wabash Pigtoe,MC WP-03,9.2047,8.7285,-27.3916,40.2621
MUDC,Summer,Wabash Pigtoe,MC WP-09,9.2959,6.5622,-27.1583,35.41
MUDC,Summer,Wabash Pigtoe,MC WP-02,9.5857,7.7689,-26.8838,38.4993
EELR,Fall,Wabash Pigtoe,ERWP-06,14.6243,5.9094,-30.9844,35.5013
RICH,Fall,Wabash Pigtoe,RCWP-08,7.251,7.6789,-30.9313,33.3026
RICH,Fall,Wabash Pigtoe,RCWP-07,7.0359,6.0745,-30.7641,28.3722
FISH,Summer,Wabash Pigtoe,FC-WP-07,12.06891436,8.687999748,-30.76344435,42.83797705
LAUG,Summer,Wabash Pigtoe,LC-WP-01,10.23590474,8.410387177,-30.6262045,39.91120524
RICH,Fall,Wabash Pigtoe,RCWP-05,6.8179,7.1406,-30.5821,33.5607
EELR,Fall,Wabash Pigtoe,ERWP-05,13.0678,8.0277,-30.4118,37.6771
RICH,Fall,Wabash Pigtoe,RCWP-04,7.1521,5.9582,-30.408,28.688
RICH,Fall,Wabash Pigtoe,RCWP-01,7.7439,2.3262,-30.3875,16.0366
FISH,Summer,Wabash Pigtoe,FC-WP-05,12.03078937,8.198652468,-30.37329107,39.21051267
RICH,Summer,Wabash Pigtoe,RC-WP-01,7.599354144,8.019305778,-30.34011515,32.59034862
RICH,Summer,Wabash Pigtoe,RC-WP-05,7.657510316,7.404353713,-30.23131011,30.41885348
FISH,Summer,Wabash Pigtoe,FC-WP-08,12.44113471,10.82133678,-30.22036666,44.49656685
FISH,Fall,Wabash Pigtoe,FCWP-09,11.0774,7.7039,-30.2089,32.6768
EELR,Fall,Wabash Pigtoe,ERWP-02,13.5541,3.4576,-30.201,18.9196
EELR,Fall,Wabash Pigtoe,ERWP-03,13.3369,8.9215,-30.1891,42.7674
FISH,Summer,Wabash Pigtoe,FC-WP-09,12.63677613,7.03531101,-29.95765038,29.56364372
RICH,Summer,Wabash Pigtoe,RC-WP-07,7.18524209,8.465854302,-29.92547973,36.5176127
RICH,Summer,Wabash Pigtoe,RC-WP-04,8.116743539,10.53741511,-29.82549672,39.72098545
WILD,Fall,Wabash Pigtoe,WCWP-02,11.551,5.7232,-29.7316,37.2078
RICH,Summer,Wabash Pigtoe,RC-WP-08,7.126083225,5.363830701,-29.71473123,24.74852891
EELR,Fall,Wabash Pigtoe,ERWP-04,13.6202,3.6372,-29.6739,18.3625
FISH,Summer,Wabash Pigtoe,FC-WP-06,12.38294393,5.60047811,-29.65768328,25.27467211
LAUG,Fall,Wabash Pigtoe,LCWP-01,9.7822,6.707,-29.6182,32.1329
MISS,Summer,Wabash Pigtoe,MR-WP-08,11.46493418,7.448818014,-29.56455624,40.48857247
FISH,Fall,Wabash Pigtoe,FCWP-07,12.1874,3.3941,-29.5607,18.1107
WHIT,Fall,Wabash Pigtoe,WRWP-06,12.34,4.7901,-29.5313,37.0061
SUGA,Fall,Wabash Pigtoe,SCWP-05,11.6171,5.9763,-29.499,38.3125
MISS,Summer,Wabash Pigtoe,MR-WP-03,11.83113479,6.54096434,-29.44496152,34.01676449
MISS,Summer,Wabash Pigtoe,MR-WP-01,12.10804265,9.523860723,-29.38810501,42.16344087
MISS,Summer,Wabash Pigtoe,MR-WP-02,12.51236825,11.63398991,-29.33614992,45.52256814
SUGA,Fall,Wabash Pigtoe,SCWP-08,12.0747,7.7654,-29.2113,38.904
WHIT,Summer,Wabash Pigtoe,WR-WP-08,12.1966989,6.805553134,-29.19019172,31.52312533
MISS,Summer,Wabash Pigtoe,MR-WP-04,12.69797678,11.66245962,-29.15773812,44.08804509
WILD,Fall,Wabash Pigtoe,WCWP-03,12.2363,7.1043,-29.1065,30.9015
WHIT,Fall,Wabash Pigtoe,WRWP-01,11.8092,5.7724,-29.0589,31.0912
FISH,Fall,Wabash Pigtoe,FCWP-05,12.0804,2.7983,-29.0497,16.6923
FISH,Fall,Wabash Pigtoe,FCWP-08,12.4152,3.4006,-29.0039,18.5923
WHIT,Fall,Wabash Pigtoe,WRWP-10,12.1708,4.6243,-28.9478,25.7011
WILD,Fall,Wabash Pigtoe,WCWP-04,12.7092,9.2174,-28.9008,41.4444
WILD,Fall,Wabash Pigtoe,WCWP-05,12.7259,9.6198,-28.892,39.5643
WHIT,Fall,Wabash Pigtoe,WRWP-03,12.7881,8.4771,-28.8285,34.3082
WHIT,Summer,Wabash Pigtoe,WR-WP-03,12.04745276,5.634386832,-28.7259581,26.93253457
MISS,Fall,Wabash Pigtoe,MRWP-02,11.8394,6.215,-28.709,32.7291
DEER,Fall,Wabash Pigtoe,DCWP-01,11.3713,7.3874,-28.6882,38.1863
SUGA,Fall,Wabash Pigtoe,SCWP-03,12.6933,8.8508,-28.6455,35.2868
WILD,Fall,Wabash Pigtoe,WCWP-01,11.1896,7.6773,-28.577,38.0383
WHIT,Fall,Wabash Pigtoe,WRWP-08,12.4289,4.811,-28.5763,27.898
SUGA,Fall,Wabash Pigtoe,SCWP-07,12.5154,7.1908,-28.5409,33.1848
SUGA,Fall,Wabash Pigtoe,SCWP-06,11.8073,6.1214,-28.4655,30.3648
WHIT,Summer,Wabash Pigtoe,WR-WP-01,15.32485793,5.942422484,-28.4468303,23.91711242
FISH,Fall,Wabash Pigtoe,FCWP-06,11.657,2.5929,-28.4456,15.4276
MISS,Fall,Wabash Pigtoe,MRWP-04,12.0309,7.2076,-28.3957,33.4581
MISS,Fall,Wabash Pigtoe,MRWP-03,12.3642,6.0726,-28.3128,27.4946
DEER,Fall,Wabash Pigtoe,DCWP-02,11.5634,6.7354,-28.2852,29.8527
WHIT,Summer,Wabash Pigtoe,WR-WP-10,13.85643618,4.546766978,-28.2832712,19.56456854
DEER,Fall,Wabash Pigtoe,DCWP-06,11.6447,7.1431,-28.2126,33.2532
MUDC,Fall,Wabash Pigtoe,MCWP-08,9.5798,6.5852,-28.1799,35.7579
MISS,Fall,Wabash Pigtoe,MRWP-01,12.2942,5.5168,-28.1563,28.6973
MISS,Fall,Wabash Pigtoe,MRWP-08,11.9568,7.0875,-28.1164,32.8267
MUDC,Summer,Wabash Pigtoe,MC-WP-10,9.456340887,6.278923705,-28.097359,45.78934162
MUDC,Summer,Wabash Pigtoe,MC-WP-07,9.111414623,8.04319375,-28.03560479,38.55638718
WHIT,Summer,Wabash Pigtoe,WR-WP-06,13.26646318,3.911430465,-27.89543045,15.99954905
DEER,Fall,Wabash Pigtoe,DCWP-04,11.2706,9.268,-27.778,39.9737
DEER,Fall,Wabash Pigtoe,DCWP-07,11.3556,7.8335,-27.7193,39.4035
MUDC,Summer,Wabash Pigtoe,MC-WP-01,9.902539105,8.554033509,-27.41022086,40.7532542
MUDC,Summer,Wabash Pigtoe,MC-WP-04,8.281185129,6.303751721,-27.38081409,34.6738661
MUDC,Fall,Wabash Pigtoe,MCWP-07,9.3899,5.1961,-27.1559,33.2085
MUDC,Summer,Wabash Pigtoe,MC-WP-08,9.208675808,7.081377068,-27.1435995,38.58562418
MUDC,Fall,Wabash Pigtoe,MCWP-04,10.3595,4.2336,-26.9383,34.0565
MUDC,Fall,Wabash Pigtoe,MCWP-01,10.6384,6.3937,-26.4823,36.0856
MUDC,Fall,Wabash Pigtoe,MCWP-10,9.8539,4.6628,-26.4216,32.9382
